timestamp_utc,seed,suggestion,competition_level,category
2025-08-28T22:20:57.110881,japanese wall art,Item formatAllPhysical itemsDigital downloads,Moderate,Japanese Art
2025-08-28T22:20:57.110881,japanese wall art,ColorGreenBlueYellowWhiteBrownShow more,Moderate,Japanese Art
2025-08-28T22:20:57.110881,yosemite wall art,mountain photography prints,Moderate,National Parks
2025-08-28T22:20:57.110881,yosemite wall art,wildlife wall hangings,Moderate,National Parks
2025-08-28T22:20:57.110881,yosemite wall art,watercolor nature scenes,Moderate,National Parks
2025-08-28T22:20:57.110881,yosemite wall art,nature landscape prints,Moderate,National Parks
2025-08-28T22:20:57.110881,yosemite wall art,outdoor adventure art,Moderate,National Parks
2025-08-28T22:20:57.110881,yosemite wall art,hiking trail maps,Moderate,National Parks
2025-08-28T22:20:57.110881,yosemite wall art,vintage travel posters,Moderate,National Parks
2025-08-28T22:20:57.110881,yosemite wall art,Item formatAllPhysical itemsDigital downloads,Moderate,National Parks
2025-08-28T22:20:57.110881,yosemite wall art,ColorGreenBlueBrownBeigeBlackShow more,Moderate,National Parks
2025-08-28T22:20:57.110881,yellowstone posters,Item formatAllPhysical itemsDigital downloads,High,National Parks
2025-08-28T22:20:57.110881,yellowstone posters,ColorBlackBlueWhiteBeigeBronzeShow more,High,National Parks
2025-08-28T22:20:57.110881,grand canyon art,national park wall decor,Moderate,National Parks
2025-08-28T22:20:57.110881,grand canyon art,southwestern landscape paintings,Moderate,National Parks
2025-08-28T22:20:57.110881,grand canyon art,outdoor adventure posters,Moderate,National Parks
2025-08-28T22:20:57.110881,grand canyon art,vintage travel posters,Moderate,National Parks
2025-08-28T22:20:57.110881,grand canyon art,rustic cabin artwork,Moderate,National Parks
2025-08-28T22:20:57.110881,grand canyon art,Item formatAllPhysical itemsDigital downloads,Moderate,National Parks
2025-08-28T22:20:57.110881,grand canyon art,RoomLiving roomBedroomOfficeEntrywayKitchen & diningShow more,Moderate,National Parks
2025-08-28T22:20:57.110881,camping wall art,custom camping couple print,Moderate,National Parks
2025-08-28T22:20:57.110881,camping wall art,customizable camping poster,Moderate,National Parks
2025-08-28T22:20:57.110881,camping wall art,custom wooden camping wall decor,Moderate,National Parks
2025-08-28T22:20:57.110881,camping wall art,personalized camping map art,Moderate,National Parks
2025-08-28T22:20:57.110881,camping wall art,Item formatAllPhysical itemsDigital downloads,Moderate,National Parks
2025-08-28T22:20:57.110881,camping wall art,ColorBrownBlackBeigeGreenWhiteShow more,Moderate,National Parks
2025-08-28T22:20:57.110881,retro travel art,personalized city skyline art,Moderate,Vintage Travel
2025-08-28T22:20:57.110881,retro travel art,personalized travel wall decor,Moderate,Vintage Travel
2025-08-28T22:20:57.110881,retro travel art,personalized travel poster,Moderate,Vintage Travel
2025-08-28T22:20:57.110881,retro travel art,custom travel print,Moderate,Vintage Travel
2025-08-28T22:20:57.110881,retro travel art,Item formatAllPhysical itemsDigital downloads,Moderate,Vintage Travel
2025-08-28T22:20:57.110881,retro travel art,OrientationVerticalHorizontalRoundSquare,Moderate,Vintage Travel
2025-08-28T22:20:57.110881,old cruise ship posters,Item formatAllPhysical itemsDigital downloads,High,Vintage Travel
2025-08-28T22:20:57.110881,old cruise ship posters,ColorBlueWhiteBlackBeigeBronzeShow more,High,Vintage Travel
2025-08-28T22:20:57.110881,vintage destination art,vintage destination art,Moderate,Vintage Travel
2025-08-28T22:20:57.110881,vintage destination art,"Applied filters
Vintage",Moderate,Vintage Travel
2025-08-28T22:20:57.110881,vintage destination art,Item formatAllPhysical itemsDigital downloads,Moderate,Vintage Travel
2025-08-28T22:20:57.110881,vintage destination art,ColorGreenWhiteBrownGoldBlueShow more,Moderate,Vintage Travel
2025-08-28T22:20:57.110881,vintage map prints,vintage map prints,Moderate,Maps/Cartography
2025-08-28T22:20:57.110881,vintage map prints,personalized travel map,Moderate,Maps/Cartography
2025-08-28T22:20:57.110881,vintage map prints,custom location map,Moderate,Maps/Cartography
2025-08-28T22:20:57.110881,vintage map prints,custom map for wedding,Moderate,Maps/Cartography
2025-08-28T22:20:57.110881,vintage map prints,custom map print,Moderate,Maps/Cartography
2025-08-28T22:20:57.110881,vintage map prints,personalized city map,Moderate,Maps/Cartography
2025-08-28T22:20:57.110881,vintage map prints,map print with coordinates,Moderate,Maps/Cartography
2025-08-28T22:20:57.110881,vintage map prints,"Applied filters
Vintage",Moderate,Maps/Cartography
2025-08-28T22:20:57.110881,vintage map prints,Item formatAllPhysical itemsDigital downloads,Moderate,Maps/Cartography
2025-08-28T22:20:57.110881,vintage map prints,ColorBlackWhiteGrayGreenBlueShow more,Moderate,Maps/Cartography
2025-08-28T22:20:57.110881,historical maps,Item formatAllPhysical itemsDigital downloads,Moderate,Maps/Cartography
2025-08-28T22:20:57.110881,historical maps,FramingUnframedFramed,Moderate,Maps/Cartography
2025-08-28T22:20:57.110881,old world maps,Item formatAllPhysical itemsDigital downloads,Moderate,Maps/Cartography
2025-08-28T22:20:57.110881,old world maps,ColorBrownBeigeBlackGoldGreenShow more,Moderate,Maps/Cartography
2025-08-28T22:20:57.110881,vintage atlas prints,vintage atlas prints,Moderate,Maps/Cartography
2025-08-28T22:20:57.110881,vintage atlas prints,"Applied filters
Vintage",Moderate,Maps/Cartography
2025-08-28T22:20:57.110881,vintage atlas prints,Item formatAllPhysical itemsDigital downloads,Moderate,Maps/Cartography
2025-08-28T22:20:57.110881,vintage atlas prints,ColorBlackWhiteGreenPinkBlueShow more,Moderate,Maps/Cartography
2025-08-28T22:20:57.110881,antique cartography,Item formatAllPhysical itemsDigital downloads,Moderate,Maps/Cartography
2025-08-28T22:20:57.110881,antique cartography,ColorBlackBrownGreenGoldBeigeShow more,Moderate,Maps/Cartography
2025-08-28T22:20:57.110881,vintage city plans,vintage city plans,Moderate,Maps/Cartography
2025-08-28T22:20:57.110881,vintage city plans,"Applied filters
Vintage",Moderate,Maps/Cartography
2025-08-28T22:20:57.110881,vintage city plans,Item formatAllPhysical itemsDigital downloads,Moderate,Maps/Cartography
2025-08-28T22:20:57.110881,vintage city plans,ColorWhiteBlueBlackGreenBrownShow more,Moderate,Maps/Cartography
2025-08-28T22:20:57.110881,historical cartography art,Item formatAllPhysical itemsDigital downloads,Moderate,Maps/Cartography
2025-08-28T22:20:57.110881,historical cartography art,ColorBlackBrownGreenGoldBeigeShow more,Moderate,Maps/Cartography
2025-08-28T22:20:57.110881,vintage botanical prints,vintage botanical prints,Moderate,Botanical/Scientific
2025-08-28T22:20:57.110881,vintage botanical prints,"Applied filters
Vintage",Moderate,Botanical/Scientific
2025-08-28T22:20:57.110881,vintage botanical prints,Item formatAllPhysical itemsDigital downloads,Moderate,Botanical/Scientific
2025-08-28T22:20:57.110881,vintage botanical prints,SubjectFlowersPlants & treesLandscape & sceneryAbstract & geometricAnimalShow more,Moderate,Botanical/Scientific
2025-08-28T22:20:57.110881,old scientific illustrations,Item formatAllPhysical itemsDigital downloads,Moderate,Botanical/Scientific
2025-08-28T22:20:57.110881,old scientific illustrations,ColorBeigeGreenBrownWhiteBlueShow more,Moderate,Botanical/Scientific
2025-08-28T22:20:57.110881,vintage medical art,vintage medical art,Moderate,Botanical/Scientific
2025-08-28T22:20:57.110881,vintage medical art,personalized medical art for nurse,Moderate,Botanical/Scientific
2025-08-28T22:20:57.110881,vintage medical art,medical graduation gift with name,Moderate,Botanical/Scientific
2025-08-28T22:20:57.110881,vintage medical art,personalized medical student gift,Moderate,Botanical/Scientific
2025-08-28T22:20:57.110881,vintage medical art,personalized doctor portrait,Moderate,Botanical/Scientific
2025-08-28T22:20:57.110881,vintage medical art,custom medical wall decor,Moderate,Botanical/Scientific
2025-08-28T22:20:57.110881,vintage medical art,anatomical illustration with custom text,Moderate,Botanical/Scientific
2025-08-28T22:20:57.110881,vintage medical art,personalized stethoscope wall art,Moderate,Botanical/Scientific
2025-08-28T22:20:57.110881,vintage medical art,"Applied filters
Vintage",Moderate,Botanical/Scientific
2025-08-28T22:20:57.110881,vintage medical art,Item formatAllPhysical itemsDigital downloads,Moderate,Botanical/Scientific
2025-08-28T22:20:57.110881,vintage medical art,FramingUnframedFramed,Moderate,Botanical/Scientific
2025-08-28T22:20:57.110881,antique flower prints,Item formatAllPhysical itemsDigital downloads,Moderate,Vintage/Classic
2025-08-28T22:20:57.110881,antique flower prints,SubjectFlowersPlants & treesLandscape & sceneryAbstract & geometricAnimalShow more,Moderate,Vintage/Classic
2025-08-28T22:20:57.110881,vintage herbarium,vintage herbarium,Moderate,Botanical/Scientific
2025-08-28T22:20:57.110881,vintage herbarium,custom botanical gift,Moderate,Botanical/Scientific
2025-08-28T22:20:57.110881,vintage herbarium,engraved herbarium display,Moderate,Botanical/Scientific
2025-08-28T22:20:57.110881,vintage herbarium,personalized pressed flower art,Moderate,Botanical/Scientific
2025-08-28T22:20:57.110881,vintage herbarium,custom herbarium kit,Moderate,Botanical/Scientific
2025-08-28T22:20:57.110881,vintage herbarium,custom herbarium journal,Moderate,Botanical/Scientific
2025-08-28T22:20:57.110881,vintage herbarium,unique herbarium specimen holder,Moderate,Botanical/Scientific
2025-08-28T22:20:57.110881,vintage herbarium,personalized herbarium frame,Moderate,Botanical/Scientific
2025-08-28T22:20:57.110881,vintage herbarium,"Applied filters
Vintage",Moderate,Botanical/Scientific
2025-08-28T22:20:57.110881,vintage herbarium,Item formatAllPhysical itemsDigital downloads,Moderate,Botanical/Scientific
2025-08-28T22:20:57.110881,vintage herbarium,ColorGreenBeigeGoldBrownBlackShow more,Moderate,Botanical/Scientific
2025-08-28T22:20:57.110881,old anatomy prints,Item formatAllPhysical itemsDigital downloads,High,Botanical/Scientific
2025-08-28T22:20:57.110881,old anatomy prints,ColorBlackWhiteBeigeGrayPinkShow more,High,Botanical/Scientific
2025-08-28T22:20:57.110881,shakespeare quotes art,Item formatAllPhysical itemsDigital downloads,Moderate,Literature/Books
2025-08-28T22:20:57.110881,shakespeare quotes art,ColorBlackGreenSilverRedWhiteShow more,Moderate,Literature/Books
2025-08-28T22:20:57.110881,vintage portrait art,vintage portrait art,Moderate,Vintage Photography
2025-08-28T22:20:57.110881,vintage portrait art,"Applied filters
Vintage",Moderate,Vintage Photography
2025-08-28T22:20:57.110881,vintage portrait art,Item formatAllPhysical itemsDigital downloads,Moderate,Vintage Photography
2025-08-28T22:20:57.110881,vintage portrait art,SubjectPeople & portraitPet portraitLove & friendshipFashionAnimalShow more,Moderate,Vintage Photography
2025-08-28T22:20:57.110881,vintage american posters,vintage american posters,Moderate,Vintage Americana
2025-08-28T22:20:57.110881,vintage american posters,"Applied filters
Vintage",Moderate,Vintage Americana
2025-08-28T22:20:57.110881,vintage american posters,Item formatAllPhysical itemsDigital downloads,Moderate,Vintage Americana
2025-08-28T22:20:57.110881,vintage american posters,ColorBlueRedBlackBeigeBronzeShow more,Moderate,Vintage Americana
2025-08-28T22:20:57.110881,old western art,Item formatAllPhysical itemsDigital downloads,Moderate,Vintage Americana
2025-08-28T22:20:57.110881,old western art,ColorBlueBeigeBlackBronzeBrownShow more,Moderate,Vintage Americana
2025-08-28T22:20:57.110881,retro american style,Item formatAllPhysical itemsDigital downloads,Moderate,Vintage Fashion
2025-08-28T22:20:57.110881,retro american style,ColorRedBlueWhiteGreenBlackShow more,Moderate,Vintage Fashion
2025-08-28T22:20:57.110881,retro european prints,Item formatAllPhysical itemsDigital downloads,High,Vintage European
2025-08-28T22:20:57.110881,retro european prints,ColorWhiteBlackRedPinkBlueShow more,High,Vintage European
2025-08-28T22:20:57.110881,solar system art,personalized space nursery art,Moderate,Wall Art
2025-08-28T22:20:57.110881,solar system art,solar system wall hanging with names,Moderate,Wall Art
2025-08-28T22:20:57.110881,solar system art,engraved solar system artwork,Moderate,Wall Art
2025-08-28T22:20:57.110881,solar system art,custom planet map art,Moderate,Wall Art
2025-08-28T22:20:57.110881,solar system art,personalized solar system print,Moderate,Wall Art
2025-08-28T22:20:57.110881,solar system art,Item formatAllPhysical itemsDigital downloads,Moderate,Wall Art
2025-08-28T22:20:57.110881,solar system art,SubjectStars & celestialScience & techFantasy & Sci FiAbstract & geometricAnimalShow more,Moderate,Wall Art
2025-08-28T22:20:57.110881,anniversary gift custom,personalized anniversary portrait,High,Personalized
2025-08-28T22:20:57.110881,anniversary gift custom,personalized photo frame anniversary gift,High,Personalized
2025-08-28T22:20:57.110881,anniversary gift custom,custom anniversary map print,High,Personalized
2025-08-28T22:20:57.110881,anniversary gift custom,personalized song lyric print,High,Personalized
2025-08-28T22:20:57.110881,anniversary gift custom,monogrammed anniversary gift,High,Personalized
2025-08-28T22:20:57.110881,anniversary gift custom,engraved anniversary gift for him,High,Personalized
2025-08-28T22:20:57.110881,anniversary gift custom,Item formatAllPhysical itemsDigital downloads,High,Personalized
2025-08-28T22:20:57.110881,anniversary gift custom,OccasionAnniversaryWeddingBridal showerEngagement,High,Personalized
2025-08-28T22:20:57.110881,pet portrait custom,custom pet portrait from photo,High,Vintage Photography
2025-08-28T22:20:57.110881,pet portrait custom,personalized dog memorial,High,Vintage Photography
2025-08-28T22:20:57.110881,pet portrait custom,digital pet portrait custom,High,Vintage Photography
2025-08-28T22:20:57.110881,pet portrait custom,personalized cat portrait,High,Vintage Photography
2025-08-28T22:20:57.110881,pet portrait custom,custom dog portrait,High,Vintage Photography
2025-08-28T22:20:57.110881,pet portrait custom,custom pet wall art,High,Vintage Photography
2025-08-28T22:20:57.110881,pet portrait custom,Item formatAllPhysical itemsDigital downloads,High,Vintage Photography
2025-08-28T22:20:57.110881,pet portrait custom,ColorBlackWhiteBeigeGrayBlueShow more,High,Vintage Photography
